{
  "name": "LogService",
  "id": "aliyun-log-service-datasource",
  "type": "datasource",
  "metrics": true,
  "logs": true,
  "annotations": true,
  "backend": true,
  "alerting": true,
  "executable": "aliyun-log-plugin",

  "info": {
    "description": "Aliyun log service datasource (backend version)",
    "author": {
      "name": "aliyun log service dev",
      "url": "https://aliyun.com/product/sls"
    },
    "keywords": ["sls", "aliyun", "log", "日志服务"],
    "logos": {
      "small": "img/sls_logo.jpg",
      "large": "img/sls_logo.jpg"
    },
    "links": [
      {
        "name": "GitHub",
        "url": "https://github.com/aliyun/aliyun-log-grafana-datasource-plugin"
      },
      {
        "name": "MIT License",
        "url": "https://github.com/aliyun/aliyun-log-grafana-datasource-plugin/blob/master/LICENSE"
      }
    ],
    "version": "1.1.0",
    "updated": "2020-06-02"
  },

  "dependencies": {
    "grafanaVersion": "6.x.x",
    "plugins": []
  }
}
